{"X": [[0, 0], [0.3270161290322581, 0.17380952380952386], [0.6219758064516129, 0.28988095238095246], [0.7993951612903226, 0.43273809523809537], [1, 1]], "Y": [[-0.02338709677419354, 0.6916666666666669], [0, 0], [0.5598790322580646, 0.31666666666666676], [1, 1]], "Z": [[-0.007862903225806434, 0.5755952380952383], [0, 0], [0.7106854838709677, 0.2660714285714286], [1, 1]]}