{"X": [[0, 0], [0.3247983870967742, 0.08750000000000002], [0.5377016129032258, 0.13809523809523816], [0.8215725806451614, 0.3851190476190477], [1, 1]], "Y": [[0, 0], [0.37580645161290327, 0.02202380952380953], [0.5909274193548387, 0.06964285714285717], [0.7794354838709677, 0.20952380952380956], [0.9346774193548387, 0.5071428571428572], [1, 1]], "Z": [[0, 0.1668388605442177], [0.2737903225806452, 0.19464285714285717], [0.56875, 0.33452380952380956], [0.7506048387096774, 0.47142857142857153], [0.8770161290322581, 0.6946428571428573], [1, 1]]}