{"X": [[0, 0], [0.35806451612903223, 0.051785714285714324], [0.5820564516129032, 0.10833333333333339], [0.723991935483871, 0.21547619047619054], [0.8747983870967743, 0.36428571428571443], [1, 1]], "Z": [[0, 0], [1, 1]]}